{"5D": ["BAT", "CAN BAT Interface"], "5A": ["ODS", "Occupant Detection System"], "5B": ["INSULATOR", "CAN1-CAN2 Gateway"], "24": ["ACC", "ACC"], "25": ["IDM", "Integrated Dynamics Control Module"], "26": ["UCH", "Body Control Module"], "27": ["UPC-EMM", "USM"], "20": ["ST1", "Steer Control Unit 1"], "22": ["ST2", "Steer Control Unit 2"], "23": ["4WS", "4 wheels Steering"], "28": ["CSHV Airbag Vehicle stopped", "CSHV"], "29": ["HVAC", "Climate Control"], "0": ["CAN", "Primary CAN network"], "4": ["EPS", "Electric Power Steering"], "8": ["TPMS", "Tyre Pressure Measurement System"], "87": ["C Box", "C Box"], "D": ["APB", "Automatic Parking Brake"], "6B": ["BSW", "Blind Spot Warning"], "2D": ["ABS-VDC_29b", "ABS-VDC_29b"], "2E": ["UBP", "Uncoupled Brake Pedal"], "2F": ["Renault RemoteEntry", "Intelligent KEY"], "12": ["ECM", "ECM"], "2A": ["ADP", "Auto Drive Positioner"], "2B": ["FRRAD", "Laser radar for Adaptive Cruise Control System"], "2C": ["Airbag-SRS", "Airbag-SRS"], "60": ["HMD", "Head Up Display"], "59": ["MIU", "Multimedia Interface Unit"], "58": ["Navigation-UCC-ITM", "Navigation-UCC-ITM"], "F7": ["MemoSeatPassenger - LDCM", "Memo Seat passenger/Left Door Control module"], "51": ["TDB", "Meter Cluster"], "1C": ["TCU", "Top Control Unit"], "52": ["Speech Controller", "Speech Controller"], "63": ["SOW Left", "Side Obstacle Warning Left"], "F9": ["DDR", "Diagnostic Data Recorder"], "64": ["SOW Right", "Side Obstacle Warning Right"], "FF": ["CAN2", "Secondary CAN network"], "50": ["Tachometer", "Tachometer"], "3C": ["PTC AMP", "Positive Temperature Coefficient heater amplifier"], "83": ["WBCB", "Wireless Charger Base Station"], "3A": ["CAN Adapter / BAC", "Network CAN Adapter"], "81": ["VSP", "Vehicle Sound for Pedestrian"], "86": ["AAU", "Audio Amplifier Unit"], "3F": ["SVT", "Stolen Vehicle Tracker"], "3D": ["EPS (HEV)", "Electric Power Steering (HEV)"], "3": ["EBA", "EBA"], "7": ["HLS", "High Beam Lighting System"], "E4": ["Step_Up", "Step_Up"], "E1": ["UDM_29b/UPCU_29b", "Urea dosing Control Module_29bits"], "E0": ["EVAP_29b", "EVAP_29bits"], "E3": ["HSG-LNG-SSG_29b", "High Voltage Starter Generator - LNG _29bits"], "E2": ["E-ACT-EBA_29b", "E-ACT-EBA_29b_29bits"], "EE": ["Controlographe", "Tachograph"], "39": ["Magic Bumper", "Magic Bumper"], "38": ["Alarm", "Alarm"], "33": ["ATR", "Active Torque Rod"], "32": ["Superviseur-DCDC", "Supervisor-DCDC"], "31": ["Transpondeur", "Immobilizer"], "30": ["SMB", "Side Magic Bumper"], "37": ["Battery Controller", "Battery Controller"], "34": ["Charger", "Battery Charger"], "1A": ["Additional Heater", "Heat Controller"], "61": ["AVM", "Around View Monitoring System"], "62": ["FCAM", "Front camera"], "1B": ["DLOCK", "Diff Lock Control System"], "1E": ["4WD", "4 wheels Drive"], "65": ["PPS", "Pedestrian Protection System"], "66": ["VCCU", "Vehicle Charger Controler Unit"], "67": ["BCB", "Battery Charger Block"], "68": ["PEB", "Power Electronic Box"], "2": ["ESUS/VADA", "Suspension Power Module/Variable Damping"], "6": ["EMCU", "Energy Management Control Unit"], "C0": ["HFM", "Hand Free Module"], "B": ["LIB 12V", "LIB"], "F": ["HFCK", "Hand Free Car Kit"], "99": ["COMP", "Compressor"], "98": ["HVAC 2", "Air Conditioning"], "91": ["LBC (HEV)", "Lithium Battery Controller"], "93": ["LBC (EV)", "Lithium Battery Controller"], "95": ["(H) EVC", "Electrical Vehicle Control module"], "97": ["PLC/PLGW", "Power Line connection/ Power Line GateWay"], "96": ["VCM", "Vehicle Control Module"], "11": ["ADAS-Sub", "ADAS-sub"], "10": ["Injection Nissan", "ECM - NISSAN"], "13": ["Audio", "Audio Unit"], "6C": ["BEV - SRVM", "Bird Eye View - Smart Rear View Mirror"], "15": ["ECM_29", "Engine Control Module_29bits"], "6E": ["AT", "Automatic Transmission"], "6F": ["METER-sub", "Meter - Sub ECU"], "16": ["ADB-LCU", "Adaptive driving beam"], "F8": ["Magic Folding-RDCM", "Magic Folding/Right Door Control module"], "18": ["AT_29b", "Automatic Gearbox_29bits"], "DF": ["INV-ME_29b", "INV-ME_29bits"], "DD": ["Superviseur-DCDC_29b", "Supervisor-DCDC_29bits"], "DE": ["BCB-OBC_29b", "Battery Charger Block_29bits"], "DB": ["LBC (HEV)_29b", "Lithium Battery Controller_29bits"], "DC": ["LBC2_29b", "Lithium Battery Controller 2_29bits"], "DA": ["EVC-HCM-VCM_29b", "Vehicle Control Module_29bits"], "82": ["WCGS", "Wireless Charger Smartphone"], "80": ["ANC", "Active Noise Control unit"], "7C": ["AFS", "Auto FrontLighting System"], "7B": ["ADB-L", "ADB-L"], "48": ["WSU", "Wind Shield Unit"], "46": ["Engineering", "Engineering module"], "47": ["SR", "Scene Recorder"], "45": ["ASDR", "Automatic Sliding Door Right"], "43": ["ASDL", "Automatic Sliding Door Left"], "40": ["LKS", "Lane Keep System"], "41": ["GW", "Gateway"], "1": ["ABS-VDC", "ABS-VDC"], "A2": ["SCCM", "Steering ECU"], "A5": ["DDCM", "Driver Door Control module"], "A7": ["PBD", "Power Back Door"], "A6": ["PDCM", "Passenger Door Control module"], "9": ["MC HEV", "Motor Control (Hybrid Vehicle)"], "A8": ["LBC2", "Lithium Battery Controller 2"], "E": ["Parking Sonar", "Parking Sonar"], "77": ["DCM Renault", "Data Communication Module"], "76": ["SIB", "Secured Interface Box"], "75": ["SB", "Smart Beam"], "74": ["HSPL", "Hospitality Light ECU"], "73": ["ADB-R", "ADB-R"], "72": ["CLD", "CLD"], "71": ["HLL - CLG", "HLL - CLG"], "4D": ["SCU", "Shift By Wire"], "79": ["HSG - LNG", "High Voltage Starter Generator - LNG"], "4A": ["AAM", "Additionnal Adaptation Module"], "7A": ["ECM", "Engine Control Module"], "D6": ["SCU_29b", "Signal Converter Unit"], "D4": ["S-GW4", "Security Gateway4"], "D2": ["S-GW3", "Security Gateway3"], "D3": ["UDM/UPCU", "Urea dosing Control Module"], "D0": ["CGW2", "Central Gateway 2"], "D1": ["S-GW", "Security Gateway"]}